ts	phase	decision	why	evidence	result
2026-08-22T08:25:23Z	frame	set a strict end-to-end exit condition	the product promise spans webhook receipt through published GitHub feedback	conversation objective	open
2026-08-22T08:25:24Z	frame	use high rigor with a ProductSpec, architecture comparison, TDD, and live provider checks	public code execution and automated review comments have high trust and security risk	conversation objective	open
2026-08-22T08:25:25Z	workflow	keep the autonomous loop in this task	no external event controls the next build step	poteto autonomous-run playbook	active
2026-08-22T08:31:00Z	research	based Gauntlet on the PR-AF review graph and PR-Agent GitHub delivery patterns	both upstream implementations expose tested code for the hardest orchestration and publication decisions	docs/research/prior-art.md	VERIFIED
2026-08-22T08:31:00Z	spec	validated ProductSpec revision 1 before implementation	acceptance criteria need stable ids before tests and code reference them	specs/gauntlet.product-spec.md	VALID
2026-08-22T08:43:22Z	architecture	chose normalized SQLite runs and leased work over a fully event-sourced journal	it closes publication and Sailbox crash windows with less reader load	docs/decisions/0001-durable-run-model.md	VERIFIED
2026-08-22T08:43:22Z	architecture	added reviewer tool loops and capped findings at three per reviewer	paid work must be reservable before a Sailbox is created	docs/architecture.md	VERIFIED
2026-08-22T09:10:18Z	implementation	built the typed domain, SQLite store, provider adapters, and one-review orchestrator	the smallest complete local slice reaches from accepted delivery to challenge-gated publication	src and tests	VERIFIED
2026-08-22T09:10:18Z	verification	passed the complete local gate with 45 tests	formatting, strict lint, types, unit, integration, fixture evals, and build must agree before commit	pnpm check	PASS
2026-08-22T09:10:18Z	live	created, executed in, and terminated a real size s Sailbox	provider-enforced resource minimums and cleanup required live proof	sb_32526880-0867-48e4-a173-69fdb5b4e91f	PASS
2026-08-22T09:10:18Z	live	updated Sail inference to metadata completion_window and strict reviewer identity	live calls exposed an obsolete field, identity drift, rate limits, and timeout before installed App testing	DeepSeek V4 Flash smoke	OPEN
2026-08-22T09:19:36Z	live	completed a schema-valid DeepSeek V4 Flash review through the production client	provider proof must include the final local schema rather than request acceptance alone	resp_01a028bf-4ab0-7115-900a-2476a057eaa2	PASS
2026-08-22T09:19:36Z	recovery	moved paid work behind durable leases and added publication reconciliation	webhook latency and the GitHub-success/local-crash window require restart-safe processing	worker and gauntlet-run marker	VERIFIED
2026-08-22T09:29:00Z	live	verified the production Probot HTTP route and redacted logger	webhook authentication and body secrecy need proof outside direct handler tests	invalid 400; valid 200 in 3 ms; eight redaction markers	PASS
2026-08-22T09:29:00Z	test	added a nested Probot error redaction contract	an observed logging leak must remain closed across dependency updates	tests/logging.test.ts	PASS
2026-08-22T09:42:00Z	architecture	chose a narrow exact-SHA adapter and immutable SQLite snapshot over an all-purpose GitHub facade	the review engine must never consume a mutable or transient diff	docs/decisions/0002-exact-pull-request-snapshots.md	VERIFIED
2026-08-22T09:43:00Z	verification	persisted eligible and rejected webhook decisions through the production HTTP route	event routing needs proof through Probot rather than direct functions	invalid 400; eligible 200; unsupported 200; SQLite receipts	PASS
2026-08-22T09:45:00Z	test	discovered package scripts inside the Sailbox and stopped guessing missing commands	reviewer evidence should execute only commands the repository exposes	tests/sailbox-lifecycle.test.ts	PASS
